{
  "default": {
    "name": "Default",
    "tileBackgroundColor": "#F8F8F8",
    "titleColor": "#333333",
    "comparisonPositiveColor": "#006600",
    "comparisonNegativeColor": "#CC0000",
    "comparisonNeutralColor": "#333333",
    "comparisonPositiveIcon": "&#9650;",
    "comparisonNegativeIcon": "&#9660;",
    "comparisonNeutralIcon": "&#9654;"
  },
  "green": {
    "name": "Green",
    "tileBackgroundColor": "#91C526",
    "titleColor": "#fff",
    "comparisonPositiveColor": "#006600",
    "comparisonNegativeColor": "#CC0000",
    "comparisonNeutralColor": "#333",
    "comparisonPositiveIcon": "&#9650;",
    "comparisonNegativeIcon": "&#9660;",
    "comparisonNeutralIcon": "&#9654;"
  },
  "orange": {
    "name": "Orange",
    "tileBackgroundColor": "#FFB304",
    "titleColor": "#fff",
    "comparisonPositiveColor": "#006600",
    "comparisonNegativeColor": "#CC0000",
    "comparisonNeutralColor": "#333",
    "comparisonPositiveIcon": "&#9650;",
    "comparisonNegativeIcon": "&#9660;",
    "comparisonNeutralIcon": "&#9654;"
  },
  "theme1": {
    "name": "Theme 1",
    "tileBackgroundColor": "#E8B428",
    "titleColor": "#554C50",
    "kpiColor": "#554C50",
    "comparisonPositiveColor": "#4C934C",
    "comparisonNegativeColor": "#DB4C4C",
    "comparisonNeutralColor": "#554C50",
    "comparisonPositiveIcon": "&#9650;",
    "comparisonNegativeIcon": "&#9660;",
    "comparisonNeutralIcon": "&#9654;"
  },
    "inv_theme1": {
    "name": "Inverse Theme 1",
    "tileBackgroundColor": "#E8B428",
    "titleColor": "#554C50",
    "kpiColor": "#554C50",
    "comparisonPositiveColor": "#DB4C4C",
    "comparisonNegativeColor": "#4C934C",
    "comparisonNeutralColor": "#554C50",
    "comparisonPositiveIcon": "&#9650;",
    "comparisonNegativeIcon": "&#9660;",
    "comparisonNeutralIcon": "&#9654;"
  },
  "theme2": {
    "name": "Theme 2",
    "tileBackgroundColor": "#554C50",
    "titleColor": "#E8B428",
    "kpiColor": "#E8B428",
    "comparisonPositiveColor": "#4C934C",
    "comparisonNegativeColor": "#DB4C4C",
    "comparisonNeutralColor": "#E8B428",
    "comparisonPositiveIcon": "&#9650;",
    "comparisonNegativeIcon": "&#9660;",
    "comparisonNeutralIcon": "&#9654;"
  },
  "inv_theme2": {
    "name": "Inverse Theme 2",
    "tileBackgroundColor": "#554C50",
    "titleColor": "#E8B428",
    "kpiColor": "#E8B428",
    "comparisonPositiveColor": "#DB4C4C",
    "comparisonNegativeColor": "#4C934C",
    "comparisonNeutralColor": "#E8B428",
    "comparisonPositiveIcon": "&#9650;",
    "comparisonNegativeIcon": "&#9660;",
    "comparisonNeutralIcon": "&#9654;"
  },
    "theme3": {
    "name": "Theme 3",
    "tileBackgroundColor": "#257A61",
    "titleColor": "#E8B428",
    "kpiColor": "#E8B428",
    "comparisonPositiveColor": "#4C934C",
    "comparisonNegativeColor": "#DB4C4C",
    "comparisonNeutralColor": "#E8B428",
    "comparisonPositiveIcon": "&#9650;",
    "comparisonNegativeIcon": "&#9660;",
    "comparisonNeutralIcon": "&#9654;"
  },
  "inv_theme3": {
    "name": "Inverse Theme 3",
    "tileBackgroundColor": "#257A61",
    "titleColor": "#E8B428",
    "kpiColor": "#E8B428",
    "comparisonPositiveColor": "#DB4C4C",
    "comparisonNegativeColor": "#4C934C",
    "comparisonNeutralColor": "#E8B428",
    "comparisonPositiveIcon": "&#9650;",
    "comparisonNegativeIcon": "&#9660;",
    "comparisonNeutralIcon": "&#9654;"
  }  
}